Sigma,KMeans_ARI,KMeans_NMI,KC_ARI,KC_NMI,MST_ARI,MST_NMI,Naive_ARI,Naive_NMI,MFC_Approx_ARI,MFC_Approx_NMI,MFC_Optimal_ARI,MFC_Optimal_NMI,MFC_Simple_ARI,MFC_Simple_NMI
0.1,0.37964466408864134,0.662660383555815,0.20590886258283675,0.5638947546965889,0.31038330452167967,0.5763097369401304,0.0002740039464217866,0.21864031317157442,0.2785433439054726,0.5734881496400123,0.2785433439054726,0.5734881496400123,0.28656976561966807,0.5738922479859517
0.3,0.28880887211895273,0.5918789855865291,0.13363163995505498,0.49203024755573793,0.2099477476370615,0.5433848433537496,0.000471076766545902,0.14149743448183014,0.16144733642704565,0.5349930253982043,0.16144733642704565,0.5349930253982043,0.16145836696340912,0.5349991989579493
0.5,0.2245827447909752,0.5241150844870582,0.12139640160827896,0.441731748576454,0.16168318178523403,0.524839115424731,0.0002678514001431394,0.15891848573778372,0.1466815833344385,0.5078878365412253,0.1466815833344385,0.5078878365412253,0.14633100449455674,0.5074940635380923
0.7,0.1682718348307474,0.46991957479730745,0.10626333299680714,0.41743160153814934,0.12243255302864552,0.5004044383610582,0.0003733008955869668,0.14183209981764683,0.11118271528496064,0.4142082279015226,0.11118271528496064,0.4142082279015226,0.1084183762894489,0.48703947688174754
0.9,0.1291516859585854,0.4218147971840788,0.08574908635951672,0.35591448203261455,0.1058235453717448,0.4933569241850261,0.0003470964450910874,0.12352498064777948,0.09138430875019338,0.35057300738836294,0.09138430875019338,0.35057300738836294,0.08575152329784885,0.35615061302688195
1.1,0.11148094871541012,0.39170762939279713,0.0932113649641831,0.3320172749116915,0.07201801715183949,0.4953589275338154,0.0002823942925649584,0.14001456033712606,0.10045875014357895,0.39168224559794307,0.10045875014357895,0.39168224559794307,0.09322826094612528,0.33214522589659945
1.3,0.09874794507822764,0.3625123178335336,0.07723276815683149,0.3250862664659553,0.05539269686724002,0.4911267529700183,0.0004221720946594653,0.17389016574628513,0.09926719208879868,0.3409065653411068,0.09926719208879868,0.3409065653411068,0.07849224693778556,0.43978736935114104
1.5,0.08955050913343447,0.33913479174577094,0.05112752637678546,0.30397290955953776,0.03087752643806989,0.47908345219672027,0.0003563029746578422,0.19228232089649944,0.055242017572742746,0.30339498830619416,0.055242017572742746,0.30339498830619416,0.051128284151552426,0.30414772512759053
