Sigma,KMeans_ARI,KMeans_NMI,KC_ARI,KC_NMI,MST_ARI,MST_NMI,Naive_ARI,Naive_NMI,MFC_Approx_ARI,MFC_Approx_NMI,MFC_Optimal_ARI,MFC_Optimal_NMI,MFC_Simple_ARI,MFC_Simple_NMI
0.1,0.2819234432151241,0.7166391465073206,0.0996117618906819,0.5550068298321789,0.22375847755895037,0.6842239128223687,0.00028932319640813256,0.4346116244698058,0.2125511186046227,0.6836033634076322,0.2125511186046227,0.6836033634076322,0.2261990315906719,0.6868526562285924
0.3,0.24766840240893923,0.6649021229435907,0.09393987886094274,0.519814151464552,0.1843649457292723,0.6747566889123551,0.0002459327798412757,0.5642301991549671,0.1857559194488643,0.6719802991133014,0.1857559194488643,0.6719802991133014,0.19089901374281915,0.6723086685953924
0.5,0.20279793790677664,0.6119948723626413,0.07062928054504497,0.48025711458877784,0.12546014247711793,0.6649915146312252,0.0002638184751657177,0.5558846620545611,0.14585312490697597,0.6627259106748408,0.14585312490697597,0.6627259106748408,0.15323961711372994,0.6638342298960305
0.7,0.16077278291426023,0.5616763658176203,0.08082644464969171,0.451108938183381,0.10552132630203254,0.6548066527060457,0.00022213802677077782,0.577855537359018,0.11573878844288644,0.6465271609664259,0.11573878844288644,0.6465271609664259,0.11106245955904129,0.6415267478045086
0.9,0.12054773707134653,0.5211789872747455,0.06032436294952404,0.42259351142292667,0.09333090103380395,0.6539238918585847,0.0002455057103217733,0.5398925894149674,0.0963843946374231,0.6342959083403975,0.0963843946374231,0.6342959083403975,0.0894483556876968,0.6323892548077382
1.1,0.11180014794892809,0.49549492453253796,0.03735549971635894,0.3968293589181394,0.06928987295414638,0.6522773739192398,0.0003154632515578787,0.5459757137135527,0.07036194886126566,0.6423542429130027,0.07036194886126566,0.6423542429130027,0.0670087567247801,0.6439119907484089
1.3,0.09788607808787687,0.47006546785298775,0.04522823002877047,0.3765772119770908,0.0618594440773239,0.6401610811320386,0.0002955245578026444,0.5299409927391446,0.06544259069733366,0.6192675459660497,0.06544259069733366,0.6192675459660497,0.05641242323470695,0.6060282720423524
1.5,0.08374402864541704,0.44636299059639983,0.036006228771800174,0.3562661396936774,0.05749775119040182,0.6355232518214171,0.0001877573087089369,0.5821177692204565,0.05387904635781019,0.6193946019228176,0.05387904635781019,0.6193946019228176,0.05158593809994135,0.6283758838634849
