Sigma,KMeans_ARI,KMeans_NMI,KC_ARI,KC_NMI,MST_ARI,MST_NMI,Naive_ARI,Naive_NMI,MFC_Approx_ARI,MFC_Approx_NMI,MFC_Optimal_ARI,MFC_Optimal_NMI,MFC_Simple_ARI,MFC_Simple_NMI
0.1,0.30451169358902486,0.5932676039880568,0.1724183115718145,0.5205941032533263,0.24485282512293594,0.5468164165907918,0.0003149900076666394,0.2319196522651928,0.25245887007668605,0.5493996601078323,0.25245887007668605,0.5493996601078323,0.2549675226059121,0.5494047666176821
0.3,0.22557709215193153,0.5132496979319187,0.1348306275632551,0.4584625667384479,0.18034307733551178,0.5095999444467756,0.00030707078226152503,0.14039364312199912,0.1581595175902195,0.5069387650540047,0.1581595175902195,0.5069387650540047,0.1581260241230295,0.5069520975141626
0.5,0.16783398904635166,0.4508795822841952,0.12018496686789984,0.41864115027263527,0.10552760227227577,0.4920531706950469,0.0002112549438438175,0.42891486204092144,0.13149327284291026,0.4363570877912591,0.13149327284291026,0.4363570877912591,0.12018544221208198,0.4187170496739463
0.7,0.12038293806507844,0.3986049504768595,0.08436929956224799,0.3681669118663326,0.0644493322749448,0.4685034630826396,0.00036966296243329017,0.11628840965315541,0.09286105022284126,0.3745611197625313,0.09286105022284126,0.3745611197625313,0.08436929956224799,0.3681669118663336
0.9,0.1023218558637336,0.36546329854085996,0.10575769019541545,0.36213063822086766,0.06997458504354982,0.4560288756972478,0.00031851956224769433,0.15493525530429336,0.10892387913986687,0.3976458421267157,0.10892387913986687,0.3976458421267157,0.10771711053301193,0.42688744280170776
1.1,0.08771698503280713,0.3351101383472752,0.0757576951388374,0.3113306586720138,0.04819130357230046,0.4529831776929893,0.0003254958680091111,0.09749493066292754,0.07443148869484807,0.3699698980464456,0.07443148869484807,0.3699698980464456,0.0757576951388374,0.3113306586720138
1.3,0.07632621556300222,0.3094002838129379,0.08102794763954219,0.2995312265175965,0.031056499820793892,0.4465211391565232,0.0003795302930569205,0.14076047424258317,0.08230967645937366,0.30133866850493185,0.08230967645937366,0.30133866850493185,0.08103050937911394,0.30241140767080776
1.5,0.06698815179308737,0.28289063011939636,0.052634150659103394,0.2591770687523796,0.025740664054737582,0.44331885374791025,0.0001708791349376053,0.4179890210774107,0.05397591526122512,0.290215374625008,0.05397591526122512,0.290215374625008,0.052634150659103394,0.2591770687523796
