Sigma,KMeans_ARI,KMeans_NMI,KC_ARI,KC_NMI,MST_ARI,MST_NMI,Naive_ARI,Naive_NMI,MFC_Approx_ARI,MFC_Approx_NMI,MFC_Optimal_ARI,MFC_Optimal_NMI,MFC_Simple_ARI,MFC_Simple_NMI
0.1,0.4771341329229139,0.8051750801172881,0.23319683951782758,0.6324627613416118,0.4188039595090427,0.612805713312693,0.0002401906662742233,0.4560212851078617,0.40267191197186825,0.6269638521283173,0.40267191197186825,0.6269638521283173,0.40267191197186825,0.6269638521283173
0.3,0.5098382706979452,0.796747862995994,0.2371411318256597,0.6284502883620567,0.3460754934584752,0.592175846693102,0.00045318466613225686,0.13596134547165353,0.3342300789623112,0.591507503070414,0.3342300789623112,0.591507503070414,0.3295529446400458,0.5900745803661102
0.5,0.44489406945676263,0.7589608327617888,0.21620564697803532,0.6001122311791232,0.3264454634383236,0.5930095304432604,0.0004748468173775818,0.1304319769615667,0.31712669740447647,0.5839096492072128,0.31712669740447647,0.5839096492072128,0.2879909056881524,0.5800405883710996
0.7,0.425214787360967,0.7416243875354672,0.20432450741070637,0.5784553325891056,0.2858489183578531,0.5739633958275723,0.0003358191966516787,0.1056674195846997,0.28991784525342346,0.5909798326051473,0.28991784525342346,0.5909798326051473,0.26969086256325936,0.5854432021606475
0.9,0.4315537078490184,0.7236450878470969,0.21776818648131127,0.5899241669787998,0.27729561994540625,0.5697076327107863,0.00039826382060040056,0.11989572165434524,0.2689528352673811,0.5743574740211677,0.2689528352673811,0.5743574740211677,0.2715722163224482,0.5798356656114405
1.1,0.40073453825008204,0.7168877017179474,0.171588138526589,0.5375923284367687,0.25452919037255206,0.5584145670544257,0.00038196567720141735,0.22472990646356594,0.20326885850078394,0.5571078912068868,0.20326885850078394,0.5571078912068868,0.19067055935770363,0.5542417799368679
1.3,0.357232408992482,0.6778491455780895,0.126888374515914,0.500738154103704,0.2286908823672872,0.5492019883872987,0.0003567073373173268,0.15655026180650855,0.18275142131256028,0.5465867879549456,0.18275142131256028,0.5465867879549456,0.18280432047920206,0.5466415305617555
1.5,0.3457827135339515,0.660353537967539,0.1270265448513715,0.48225837101845886,0.2123410678836525,0.5449973338946109,0.000299914926748303,0.11820542132932725,0.1873059916914473,0.5433910887501572,0.1873059916914473,0.5433910887501572,0.16084520549035147,0.5369489235928259
