Sigma,KMeans_ARI,KMeans_NMI,KC_ARI,KC_NMI,MST_ARI,MST_NMI,Naive_ARI,Naive_NMI,MFC_Approx_ARI,MFC_Approx_NMI,MFC_Optimal_ARI,MFC_Optimal_NMI,MFC_Simple_ARI,MFC_Simple_NMI
0.1,0.33863836569086136,0.6434730087625007,0.22075337463409914,0.5696417134329747,0.2882896256006878,0.5751107380199637,0.00029241870648570025,0.14131977569675772,0.30578642713769705,0.5868691419346524,0.30578642713769705,0.5868691419346524,0.3057574679547774,0.5868459463344202
0.3,0.2925085892970159,0.5878300165806708,0.16466609735520885,0.5041443203343748,0.2404180376704567,0.5502504701890691,0.0002855777639950648,0.15213413057298925,0.18965893650304017,0.5444538511775759,0.18965893650304017,0.5444538511775759,0.18965875674700564,0.5444502898040877
0.5,0.21315515865174353,0.5194164517753066,0.11246346632036246,0.4389387097756448,0.1823667278232622,0.5269380634555202,0.00023548704782670954,0.4401071974150262,0.13432974403456271,0.49179353969984585,0.13432974403456271,0.49179353969984585,0.123146268583613,0.5021799352304896
0.7,0.15947947751710356,0.46472900012163043,0.08521175118801352,0.39552868542486386,0.11908348162573673,0.4980442582110528,0.0003509949256897745,0.23021960374237685,0.10361212532088424,0.4873986267467468,0.10361212532088424,0.4873986267467468,0.08913649399798483,0.48138690480333607
0.9,0.1299685414684296,0.4229282069890137,0.07894751526443328,0.36869921007082007,0.06414721531869542,0.5060210613203455,0.00031119856518129846,0.1813437722267228,0.09640792387415795,0.4624218939302399,0.09640792387415795,0.4624218939302399,0.08171425553606525,0.45970808641792427
1.1,0.11496540433699816,0.39145461875962906,0.0782875707260354,0.34117527075398585,0.05091908313035566,0.47708198127768464,0.00025468611698165934,0.2818503385805853,0.09002664642849298,0.3573768366467738,0.09002664642849298,0.3573768366467738,0.07884643909151018,0.42018568623681857
1.3,0.09968306227652955,0.3660925001989356,0.0715748402987515,0.3138115704283811,0.04146806363216977,0.4929413625104447,0.00028433741480452825,0.153459807482575,0.10008419953254535,0.3411718767551359,0.10008419953254535,0.3411718767551359,0.0715748402987515,0.31381157042838087
1.5,0.08864453443931876,0.33987150517596043,0.05151136698554434,0.3057217518994797,0.028674811554497966,0.48464940997185213,0.0002164702627165817,0.3307683835969359,0.05629490340347867,0.29743393770624155,0.05629490340347867,0.29743393770624155,0.05151136698554434,0.3057217518994795
