Sigma,KMeans_ARI,KMeans_NMI,KC_ARI,KC_NMI,MST_ARI,MST_NMI,Naive_ARI,Naive_NMI,MFC_Approx_ARI,MFC_Approx_NMI,MFC_Optimal_ARI,MFC_Optimal_NMI,MFC_Simple_ARI,MFC_Simple_NMI
0.1,0.6912213661514954,0.8661054659578117,0.4210432653226279,0.7436882298098368,0.5888113602766876,0.608939910051842,0.0003917988772280339,0.12525068907193362,0.5826792459989182,0.609462549711032,0.5841474915221346,0.6098162872658047,0.5826792459989182,0.609462549711032
0.3,0.6632814283890902,0.8656502101899307,0.3542370537641625,0.6833891160899412,0.5344747767802899,0.5891947696157012,0.0004393224071763402,0.07866248111883714,0.4835566802936389,0.5850164347126242,0.5297340156345277,0.5879200590912202,0.483570685401547,0.5850767832774568
0.5,0.6402523475229047,0.8151384419339073,0.291676440027961,0.641784633863422,0.5078501818069707,0.5726573064098686,0.0003427843870129334,0.09354138326886301,0.42336575645793983,0.5592647945582041,0.5043031733379043,0.5852575878545112,0.45630066688010895,0.5791163216560361
0.7,0.6081881330657083,0.7794799838456766,0.32233416707364765,0.6362579204133701,0.44327396556439935,0.551884610581238,0.00039787029654901097,0.06678755597219849,0.37229054879857815,0.5637967137180506,0.4123596005072484,0.5530844083443839,0.370263461972592,0.5638194377413395
0.9,0.554697059395535,0.7484807014512026,0.30950227163537575,0.6271768628285395,0.39868257231471055,0.5347688919989574,0.0002925389977800749,0.06269279152885975,0.3746292195981809,0.5471078425290298,0.4200051019411089,0.5527031836828924,0.4058089646560939,0.5550581980404037
1.1,0.6104843375192814,0.7744991081076078,0.26348303879438784,0.5846699478739934,0.38810139262836046,0.5282438806211038,0.0004190965952005528,0.07847156375115122,0.3020282830673101,0.5258885048946238,0.3821001316347273,0.5324772139180528,0.3228681743000563,0.5284727438032661
1.3,0.5457026070546278,0.7417804116964867,0.2377776370829659,0.5816221033971218,0.30859704534751303,0.49416443534939625,0.0004904545671491106,0.08624730386627408,0.27956786992468047,0.5108723153970733,0.3271387144083018,0.5032670705529756,0.2777150219637069,0.5081492562265431
1.5,0.48130178209711083,0.6865521073642434,0.16779473456833557,0.5047572596234815,0.2571809889898387,0.4834955846358191,0.0006588192108460942,0.07263901116003765,0.22731054584478724,0.48281012984683774,0.23533795754385245,0.48544538766338496,0.22738436857849587,0.48298332765521373
