Sigma,KMeans_ARI,KMeans_NMI,KC_ARI,KC_NMI,MST_ARI,MST_NMI,Naive_ARI,Naive_NMI,MFC_Approx_ARI,MFC_Approx_NMI,MFC_Optimal_ARI,MFC_Optimal_NMI,MFC_Simple_ARI,MFC_Simple_NMI
0.1,0.6079976798072807,0.8591272929373936,0.446798168833479,0.7456086536528596,0.6008833851574904,0.6192176792318428,0.0003022417585224127,0.07884382714407204,0.6008577607920428,0.6241051306230666,0.6008577607920428,0.6241051306230666,0.6008577607920428,0.6241051306230666
0.3,0.560706378165221,0.8456613354450284,0.3393427367427957,0.6770527496459445,0.5544975770553519,0.5918040133766872,0.00040277096467229484,0.10688621512377854,0.4631244936943774,0.5978823233090745,0.4631244936943774,0.5978823233090745,0.4646779193413795,0.6308259598105292
0.5,0.6556514891970872,0.8474831356264377,0.3204682817736194,0.6607818196235733,0.5369795711403892,0.5878930669470883,0.0003153677953090474,0.06486791910295384,0.48256706288789464,0.5848450772259857,0.48256706288789464,0.5848450772259857,0.48256502352816705,0.5848105684869477
0.7,0.6063978602380402,0.7969160835687241,0.31127165061450995,0.6349202376253202,0.4684458903098141,0.5620325794014959,0.0009244434971881047,0.08483583407998518,0.4426501782672319,0.5855077525048621,0.4426501782672319,0.5855077525048621,0.43805701117643486,0.5839573452424203
0.9,0.6749115918241398,0.8257044483215448,0.26921681953967125,0.6150633964709461,0.45412370765959054,0.5536404424243742,0.0004148144420797855,0.0700494420741405,0.40400153911759074,0.551482088334002,0.40400153911759074,0.551482088334002,0.44012753182799425,0.5749903957994886
1.1,0.5742108302759051,0.7917449875721447,0.29321817683105017,0.6229265990554637,0.4132791312494204,0.5390979771940675,0.000296342393693063,0.11768486762680312,0.35471249888481704,0.5487192641091263,0.35471249888481704,0.5487192641091263,0.40745858528666173,0.5636682436142463
1.3,0.6046000978028216,0.802514749675848,0.2140464944157255,0.5841120191368027,0.3931230279347091,0.5238452515531544,0.00036637687799621183,0.06624159409453449,0.33073741081720515,0.521409156399282,0.33073741081720515,0.521409156399282,0.33078506445187816,0.5214641015831564
1.5,0.6220864347297617,0.7844195893131307,0.24336563063092861,0.5880200848594261,0.31886296852112916,0.4966286776442689,0.0002646107946045929,0.08230929409126136,0.3289888269326602,0.5150394345528979,0.3289888269326602,0.5150394345528979,0.328203872816094,0.5144624529444721
