Sigma,KMeans_ARI,KMeans_NMI,KC_ARI,KC_NMI,MST_ARI,MST_NMI,Naive_ARI,Naive_NMI,MFC_Approx_ARI,MFC_Approx_NMI,MFC_Optimal_ARI,MFC_Optimal_NMI,MFC_Simple_ARI,MFC_Simple_NMI
0.1,0.3688481684347497,0.7461560137474235,0.1861264705953386,0.5985917222707879,0.3482404162570427,0.6517347375273438,0.0002852177204870887,0.36668734774065304,0.34323013016279835,0.6569839699630166,0.34323013016279835,0.6569839699630166,0.33719954829633675,0.6573830409882129
0.3,0.34629723293828035,0.6984657300371024,0.13269860513929188,0.5530578615843416,0.2886037183066007,0.6347450843638797,0.00022935385856084195,0.41999395380825405,0.2815408115532639,0.6439569258632607,0.2815408115532639,0.6439569258632607,0.28067122532384103,0.6438234239655167
0.5,0.30803721490453856,0.6603582600732602,0.10720397652939065,0.5258724449162278,0.21712248106660634,0.6201961451320771,0.00030244392374110125,0.4392523164085076,0.2740421529575186,0.6354799823914421,0.2740421529575186,0.6354799823914421,0.24777012689033143,0.6313736470441933
0.7,0.24765208862253946,0.6138556698335669,0.09220706440387481,0.4817704725183279,0.1774949351418392,0.6084252927381274,0.00030490681462051484,0.36214020299346433,0.21312411149409718,0.619949640861024,0.21312411149409718,0.619949640861024,0.18880068930064384,0.6172757474019785
0.9,0.22616806373999576,0.5805200885096421,0.09436873572520524,0.4629266351938733,0.1663050557603866,0.6041466240728238,0.00027063461256818526,0.3481190001499074,0.1697520236032976,0.6107692944600749,0.1697520236032976,0.6107692944600749,0.16753910472411243,0.6104744360551011
1.1,0.19080227728517032,0.5476152032598656,0.06405383597292251,0.42836972422889213,0.14002561514622897,0.5971324248442808,0.0003189098872386637,0.31234676912229525,0.11851980736002309,0.5896834359627919,0.11851980736002309,0.5896834359627919,0.10245244720191339,0.5882138772248319
1.3,0.17863249062727019,0.5309474737203258,0.07380507265098943,0.4084461322937519,0.1070223804756669,0.5958267131420715,0.0002764918135623484,0.2826792889198737,0.10663671154636382,0.5763975649282308,0.10663671154636382,0.5763975649282308,0.0991119921103293,0.5752270355283573
1.5,0.15207589857554218,0.49519911950235385,0.05046426843547586,0.38777994088800843,0.07597509389435025,0.5839038341183529,0.00023273048340626608,0.18739134300354032,0.0812247498496616,0.5632131962367021,0.0812247498496616,0.5632131962367021,0.07583108373646014,0.5712374592826276
