Sigma,KMeans_ARI,KMeans_NMI,KC_ARI,KC_NMI,MST_ARI,MST_NMI,Naive_ARI,Naive_NMI,MFC_Approx_ARI,MFC_Approx_NMI,MFC_Optimal_ARI,MFC_Optimal_NMI,MFC_Simple_ARI,MFC_Simple_NMI
0.1,0.3810062334676444,0.6622662859856768,0.20948402424450246,0.5574901104265118,0.2903884264347499,0.575894712435042,0.00037949204059020794,0.19537559625165027,0.2969091145559857,0.5817347656144453,0.2958274782135971,0.5749056713439394,0.2969091145559857,0.5817347656144453
0.3,0.2821493215024264,0.5792102632823654,0.17609927945012693,0.493907371387093,0.21415523524102245,0.5442788453146121,0.00028378088953867874,0.11565301108447977,0.20192938040857134,0.5387000832306282,0.2124927421911293,0.5442795406726014,0.19328447613041275,0.5367694294686991
0.5,0.20928749037415026,0.5179289166543948,0.14432338058023747,0.44217612448395505,0.17190748469153405,0.5254444331102055,0.000290835892414935,0.08296910227793991,0.15471194777749706,0.49917380891759044,0.18088948945730274,0.5210816585419027,0.14683686147841313,0.49488081236545683
0.7,0.16536500934034093,0.46731892161464894,0.11943914604913428,0.3965598028559399,0.11881732908470609,0.5006398149264789,0.00023738934752911618,0.4230586014325057,0.12333700063822983,0.4482185863587924,0.12396070832741428,0.5076389941276453,0.12173367510245166,0.46618486113363106
0.9,0.14013409374093808,0.4279530324660818,0.09130182644187801,0.37287836275092656,0.1052894338727641,0.4901285937847997,0.00037285479590348536,0.14798796229347164,0.09900923232469103,0.4328831796922075,0.08859519823654585,0.4916604145232931,0.09133728700532953,0.373763374137783
1.1,0.11471646149268318,0.3924122362675609,0.0792897979738239,0.33889983201290613,0.06440645755209487,0.4937848280760924,0.00034822321919333865,0.11483069872618863,0.08896166465472488,0.3474357159830527,0.05687069921022521,0.48964870392390303,0.08050501631432955,0.43435163914979635
1.3,0.09960235892882928,0.3638109486214385,0.07204372643127861,0.3166371416431941,0.0325660130863658,0.49455878176385554,0.00020542143490645943,0.40282800771850685,0.07495878841050181,0.3220456290659031,0.060901884656151165,0.46382220458712625,0.07204372643127861,0.3166371416431937
1.5,0.08938283175161077,0.342467012069919,0.07118103874073323,0.2890593969796908,0.028989427535761763,0.4779735742333903,0.0002877918604063074,0.14507753743370932,0.07957526982329022,0.377666652117708,0.043443260723050416,0.46570065974103286,0.07118104176260082,0.2892478750486061
