Sigma,KMeans_ARI,KMeans_NMI,KC_ARI,KC_NMI,MST_ARI,MST_NMI,Naive_ARI,Naive_NMI,MFC_Approx_ARI,MFC_Approx_NMI,MFC_Optimal_ARI,MFC_Optimal_NMI,MFC_Simple_ARI,MFC_Simple_NMI
0.1,0.11368669946053137,0.49259385581441256,0.06214575085337808,0.4618817768942521,0.0831682157873133,0.6973938271149719,0.00020413814988012264,0.5764869689621716,0.10382167175961605,0.6882273633883589,0.10382167175961605,0.6882273633883589,0.10382194386340159,0.6882494336525288
0.3,0.052221982169264054,0.43033136075240763,0.044963911297949584,0.41418059447398087,0.04135815438863969,0.6654655863015045,0.000270030323501176,0.5768351305812205,0.05415002402196463,0.6179549837368792,0.05415002402196463,0.6179549837368792,0.053467134404026624,0.6177950519034543
0.5,0.032052868380601306,0.39307069023340035,0.03479687625843782,0.37767817162266853,0.0283950046340927,0.6514178751767582,0.00020754937388209086,0.4838136967447723,0.036853840513170776,0.5932493613475966,0.036853840513170776,0.5932493613475966,0.03674076512702291,0.5861596503987078
0.7,0.023699523582390962,0.3702168450598896,0.027310803237028225,0.3525770238210992,0.01497718620794798,0.6574967338524411,0.0002595914522521293,0.6022556124659697,0.024908946489471416,0.6170970060213199,0.024908946489471416,0.6170970060213199,0.027597255783783768,0.5066010634271678
0.9,0.018507996583115884,0.3518340148028436,0.022870768086711252,0.3323599255868288,0.01055027873919145,0.6400840684504605,0.00022665785844384328,0.6010941984557865,0.022043731398918374,0.4986982085334568,0.022043731398918374,0.4986982085334568,0.022871337250159444,0.3329250171656012
1.1,0.014900056960991778,0.3359707638034234,0.019068512479831132,0.3150075123573421,0.010632993360417552,0.6325351143490325,0.00026274473165450085,0.5700183502853579,0.018579522443070023,0.458955476676719,0.018579522443070023,0.458955476676719,0.01906851781997788,0.3150192889409437
1.3,0.01288815338743205,0.32564096234988044,0.016629347734085937,0.3007795008739258,0.006626220938350853,0.6533208771738425,0.00027618724028778625,0.5338235933812115,0.014502486519479196,0.42490825784234404,0.014502486519479196,0.42490825784234404,0.016629621461734807,0.30092700121493515
1.5,0.011172754098543288,0.3175121103108296,0.014072149868641316,0.2873221704286916,0.006676863618629652,0.644407315482905,0.00013309010731854943,0.6697984973608602,0.011855390387958345,0.32395212549917946,0.011855390387958345,0.32395212549917946,0.014072149868641316,0.28732217042869107
