Sigma,KMeans_ARI,KMeans_NMI,KC_ARI,KC_NMI,MST_ARI,MST_NMI,Naive_ARI,Naive_NMI,MFC_Approx_ARI,MFC_Approx_NMI,MFC_Optimal_ARI,MFC_Optimal_NMI,MFC_Simple_ARI,MFC_Simple_NMI
0.1,0.4476647535767159,0.7799957078724377,0.2689968753751792,0.6456599840797211,0.40470180384019777,0.6065469645212832,0.00032171546316543556,0.1523876637738722,0.36184235336425813,0.610784945586836,0.39728772009591273,0.6102854538859509,0.35633905686961176,0.6096890543780225
0.3,0.440695907522889,0.745357118111003,0.22451460843846682,0.5954056523705938,0.3427490106622696,0.5927194274346701,0.0003406253868916756,0.1958179837122547,0.2972682408997592,0.583872926094005,0.3260027242958739,0.5869786367751187,0.29019628591781477,0.5895450471116576
0.5,0.42687212464751384,0.7217512353336243,0.21342588006854762,0.5844516722507823,0.28894471542325445,0.5755005101635714,0.000304383699129342,0.10489772021856916,0.29140393765043554,0.5830698616018316,0.29125480087904426,0.5778111903860167,0.2913949250720203,0.583061925956963
0.7,0.37479378403584346,0.6965305684392242,0.1908894951416215,0.5567801549574378,0.26273519044641075,0.5613708580267922,0.00031184188153057855,0.2856220213718391,0.23398120050426047,0.5647030374228477,0.25594352967127976,0.5623202975787739,0.23400032965949755,0.5647722269304614
0.9,0.3550064118148153,0.6505624993247144,0.18255164986687944,0.5365597249316268,0.2328758360799534,0.5507348101062997,0.0002354605266131912,0.18382646067121342,0.21175194278131307,0.555521944976945,0.22246397643349997,0.5523349079239748,0.19839264380509228,0.5518756200600661
1.1,0.31779226838887226,0.6309873490904253,0.12675725050062156,0.4947838228069326,0.21185321039643182,0.5447567940324642,0.0002502024776127372,0.08115483408065874,0.16967906442116582,0.53856808798997,0.1914553883222286,0.5418281133588564,0.16940778064328663,0.5383875207316667
1.3,0.2908807965866821,0.5988682428547074,0.10373911792298757,0.44651783788051574,0.19607572384617072,0.5406288307925724,0.000355483141671789,0.17319786851608332,0.15900895582132837,0.5308966661540895,0.16334702163620335,0.5293495085318021,0.13083002112101516,0.5214869453114039
1.5,0.26842334341920293,0.5719522814168112,0.11901662782088643,0.4455302549285965,0.1425356223195084,0.5326618723031673,0.00046850791646000685,0.14290278462371894,0.16827219151026943,0.526139861130185,0.12109294534100935,0.5168531143991262,0.13567559235677593,0.5149864975289806
