Sigma,KMeans_ARI,KMeans_NMI,KC_ARI,KC_NMI,MST_ARI,MST_NMI,Naive_ARI,Naive_NMI,MFC_Approx_ARI,MFC_Approx_NMI,MFC_Optimal_ARI,MFC_Optimal_NMI,MFC_Simple_ARI,MFC_Simple_NMI
0.1,0.3542479699450139,0.6884538551374958,0.19597036872662918,0.5686502993160751,0.30507105039170235,0.5765378779814416,0.00025412003977117505,0.1314844447025565,0.3018915858083642,0.585216120206095,0.3018915858083642,0.585216120206095,0.29893289510757315,0.5847599274211227
0.3,0.3106792655597743,0.6335582295464965,0.11720794865501631,0.4887285306154755,0.22057974020420942,0.544606442176135,0.00045382079790916465,0.1533947622991941,0.216192298117551,0.5466252060366747,0.216192298117551,0.5466252060366747,0.21624875520498804,0.5466660097518872
0.5,0.24503110814137777,0.5642421804511398,0.12085115016338724,0.4452834029648869,0.15076088704968668,0.5229419233612672,0.0003004776620098399,0.08526623116330048,0.13184379661094017,0.5061413742083587,0.13184379661094017,0.5061413742083587,0.13184133479577612,0.5061424103298457
0.7,0.20972448072113786,0.5180967919915833,0.09266422400172995,0.39849670251532016,0.12001821305634373,0.498349521261227,0.00031861729758315787,0.12865899618712182,0.10123963563912729,0.48124659673237624,0.10123963563912729,0.48124659673237624,0.10123963563912729,0.48124659673237624
0.9,0.1883969213704083,0.4747281533400921,0.09492557868579055,0.36785332443507807,0.07109627682247371,0.5065504194825267,0.00027467650977964836,0.16478289189743173,0.10031090728112917,0.43983494464473444,0.10031090728112917,0.43983494464473444,0.09722191956452882,0.4399838745826131
1.1,0.15453078711449555,0.43389726936009393,0.07094128418692705,0.3490262423509839,0.05373139653875912,0.49589526275907,0.0002119748838177487,0.3595875928253499,0.07625759770468486,0.44976686776564667,0.07625759770468486,0.44976686776564667,0.07625319132737136,0.4497686234712786
1.3,0.1355280785692653,0.40190105508588025,0.06697729309862609,0.342684629898515,0.04344131274313844,0.4738750114547555,0.00025058318564707375,0.10119479696239116,0.07538297903945435,0.3606630679223853,0.07538297903945435,0.3606630679223853,0.0701766789645399,0.4471521495700169
1.5,0.12648722216656288,0.3771753187339858,0.06191461911291827,0.3131896469999585,0.03191599254594342,0.4769043507039223,0.00025958457471068913,0.17674458811676624,0.06707166719725728,0.32061484743530744,0.06707166719725728,0.32061484743530744,0.06417521838431364,0.43180725040666584
