Sigma,KMeans_ARI,KMeans_NMI,KC_ARI,KC_NMI,MST_ARI,MST_NMI,Naive_ARI,Naive_NMI,MFC_Approx_ARI,MFC_Approx_NMI,MFC_Optimal_ARI,MFC_Optimal_NMI,MFC_Simple_ARI,MFC_Simple_NMI
0.1,0.3132893859943646,0.6456035020909433,0.14791405755547826,0.5279067777031224,0.3224753517219699,0.6446083829666086,0.00027629312480437494,0.4796060910829534,0.2678749090447907,0.639230300657129,0.2678749090447907,0.639230300657129,0.2646109529443682,0.638650521260741
0.3,0.26432580958789237,0.5826718170892689,0.10452098561781262,0.4755484712912778,0.20539682110520846,0.6150816909651964,0.0002793229544947741,0.4234996022146481,0.21135093521838139,0.6163458438327719,0.21135093521838139,0.6163458438327719,0.19195825161090174,0.6154963201637654
0.5,0.17641230574015426,0.5132349658492618,0.08525774309764149,0.43415154456158456,0.1542646235602915,0.59860299815146,0.0003836337414195738,0.32994879540565086,0.1287942562464152,0.5863714277784651,0.1287942562464152,0.5863714277784651,0.12156687160400308,0.5970530099601218
0.7,0.14323746730400205,0.4707274234994457,0.05577633937606274,0.4087791332982987,0.11657283279559329,0.5908059712440245,0.00026931533299066803,0.5153921340266119,0.09348466830810027,0.561977572761308,0.09348466830810027,0.561977572761308,0.08423890727454847,0.5743413253877379
0.9,0.11061546489762475,0.43303877194221446,0.06240043478166701,0.3705566355836263,0.06512481680362758,0.5718434452443585,0.000223784239868343,0.49729906053733913,0.07562393500184589,0.5495040360877431,0.07562393500184589,0.5495040360877431,0.0746820694772573,0.5499453396541883
1.1,0.09303859477964703,0.40394009139055737,0.051865826325282596,0.35226890719227155,0.049499440445736655,0.5801433611662205,0.00023712652254884877,0.37254322052445055,0.06410966309100033,0.5323139453934418,0.06410966309100033,0.5323139453934418,0.060451138911344245,0.5406736215805531
1.3,0.08002845305805616,0.3768767968123015,0.04849819695188141,0.32189389548536446,0.038121177882728265,0.5656600946860897,0.000270452853038779,0.4061345334440673,0.056171922425640966,0.5023046667408357,0.056171922425640966,0.5023046667408357,0.05119651501613118,0.521122618478857
1.5,0.07917342169443645,0.3561904059263012,0.045253375204865,0.3036341700063723,0.019962203534656584,0.5728885026248063,0.00029022989409624884,0.24027701428850556,0.052436246665984274,0.45707514402299704,0.052436246665984274,0.45707514402299704,0.04759561525162126,0.4970033663767389
