Sigma,KMeans_ARI,KMeans_NMI,KC_ARI,KC_NMI,MST_ARI,MST_NMI,Naive_ARI,Naive_NMI,MFC_Approx_ARI,MFC_Approx_NMI,MFC_Optimal_ARI,MFC_Optimal_NMI,MFC_Simple_ARI,MFC_Simple_NMI
0.1,0.3228338620282228,0.6473309119164395,0.12232234551762379,0.5248115068188112,0.3191178845387409,0.643876321426294,0.0002738274771896215,0.4475678141555488,0.2627384447261715,0.6412976905884988,0.29224616493726896,0.6409022538038167,0.26203971578596374,0.6408262347405572
0.3,0.2633600683271255,0.5836780335792892,0.1082739944833785,0.4846208177237891,0.21058522341264527,0.618970552890423,0.0003218172861579851,0.3254378090408464,0.2128036848560759,0.6188172821632651,0.19358178011695457,0.614120625951831,0.20745324276368904,0.6178891589857772
0.5,0.18243604859942916,0.517369817020226,0.08582719801885061,0.4349875023292919,0.1431064142332657,0.5971145980903182,0.00023375361675897412,0.41575350308759335,0.12674347110578957,0.594325777278237,0.14924386525390168,0.5944659767466975,0.12488880986300957,0.5942272497185044
0.7,0.13807059422563056,0.469903979530868,0.08784217699478669,0.3958311918396822,0.0861042249586597,0.5907850731765302,0.00025299137194235614,0.5170489819214286,0.11475420333267143,0.5505864833830737,0.095170059156933,0.5887680965707537,0.09773276436921625,0.5415067521601254
0.9,0.11623109232202591,0.43585979558243443,0.08062475038339331,0.36700076736737164,0.06013060155982198,0.5860372674752878,0.00027128572023986397,0.32485678966404097,0.09342677264438287,0.529601744574699,0.08519088722592755,0.5615666661223022,0.08430792829555121,0.5141093274550036
1.1,0.09518216445942988,0.4007570058584689,0.04502634247821881,0.3504336012304797,0.041214393051650866,0.5706864750831893,0.00032308681485137603,0.2627760188283149,0.05390353209680177,0.4882117127213235,0.04896560149817372,0.5493281719605239,0.05196313061783796,0.5369096798885024
1.3,0.08968514972284286,0.37690538825122055,0.05829761762216356,0.3209263693368019,0.03823510007486478,0.5641792879614236,0.0002833029517321971,0.27393779500525284,0.07143958747963315,0.4814306863804875,0.0381305962703404,0.556817163061199,0.060905094387076295,0.5030048241112127
1.5,0.07977797347272858,0.35529250442055826,0.043495871481489486,0.3042783264243918,0.033289468317152876,0.5604981793126734,0.00034654753196837544,0.31985709376692273,0.0512363950633146,0.4951951288307794,0.03766017177758777,0.5628028960541156,0.04936589203774475,0.5293504791508102
