Sigma,KMeans_ARI,KMeans_NMI,KC_ARI,KC_NMI,MST_ARI,MST_NMI,Naive_ARI,Naive_NMI,MFC_Approx_ARI,MFC_Approx_NMI,MFC_Optimal_ARI,MFC_Optimal_NMI,MFC_Simple_ARI,MFC_Simple_NMI
0.1,0.18065204048296266,0.5171177582746429,0.0881557866297283,0.4764763451914264,0.1492249136163261,0.6531047674901355,0.00039529397280148375,0.33279162233370735,0.14047922273291094,0.6380225339177162,0.14047922273291094,0.6380225339177162,0.14048058179821693,0.6380478161768581
0.3,0.10712794144777647,0.4390685677428113,0.07060404535613857,0.42249970496828376,0.07058856948547991,0.6195470627982737,0.0002532489122841309,0.5694218190638345,0.08533173989013029,0.594687375356129,0.08533173989013029,0.594687375356129,0.08531168699798988,0.5947083534865107
0.5,0.05774150504381454,0.38123630661241115,0.05408482366647533,0.38458881160493985,0.04121662561484222,0.6065152718101445,0.00028908364410604306,0.5435328011353393,0.05553288434784565,0.5579601346942656,0.05553288434784565,0.5579601346942656,0.05541862465192592,0.5748439676878665
0.7,0.044644023956010116,0.3454134731923434,0.04716442108580999,0.35113881292422167,0.029741854811911925,0.5910204979672814,0.00019609652275458022,0.5865246577730172,0.04652822784279109,0.5275179764140436,0.04652822784279109,0.5275179764140436,0.04727609378293499,0.48626671331058696
0.9,0.035675981166334504,0.3195854087611813,0.0392676296314825,0.3224386093014907,0.01994988630978383,0.5650859155148137,0.0002929465183575452,0.5223980561696778,0.038762047945289396,0.47814327644952753,0.038762047945289396,0.47814327644952753,0.039267673347180204,0.32248748698407903
1.1,0.02920848879203344,0.2966484619171533,0.03307748689515387,0.2957536919561084,0.01766543822371692,0.5718702781985213,0.0002063917027512192,0.5242187950121292,0.03260006994507149,0.4566020331946368,0.03260006994507149,0.4566020331946368,0.03307748689515387,0.29575369195610834
1.3,0.024611870654629896,0.2783560488375409,0.029455091508488573,0.27794586602238497,0.014820568277633525,0.5630284198903432,0.00018454138249007383,0.5032923367376504,0.02919151933388719,0.331161935406193,0.02919151933388719,0.331161935406193,0.02945530226874858,0.2783111973006728
1.5,0.021285768128668624,0.2625120442558684,0.025182158655778077,0.258160670835592,0.013954056647949197,0.5540725557363637,0.00020168351556510458,0.3465434430134697,0.024874184978764705,0.40829244301975853,0.024874184978764705,0.40829244301975853,0.025182193561684454,0.2582367416492289
