Sigma,KMeans_ARI,KMeans_NMI,KC_ARI,KC_NMI,MST_ARI,MST_NMI,Naive_ARI,Naive_NMI,MFC_Approx_ARI,MFC_Approx_NMI,MFC_Optimal_ARI,MFC_Optimal_NMI,MFC_Simple_ARI,MFC_Simple_NMI
0.1,0.2908473463378574,0.7507406369229341,0.12672029175249705,0.5881453888596828,0.23034673680031734,0.6858451799173273,0.0002873194219726963,0.32571668194076653,0.24457210228492926,0.6921873121273626,0.24457210228492926,0.6921873121273626,0.24906787553796284,0.6933450441160592
0.3,0.25455879165652573,0.7195287728635681,0.08676239450294343,0.5438661626654129,0.194241444837749,0.6768154686626262,0.0002724423582015492,0.5604823332636782,0.19420308361758967,0.67695553247173,0.19420308361758967,0.67695553247173,0.19962330597096664,0.6786247826819249
0.5,0.24974090297567655,0.7016006086115961,0.07327780808783288,0.5067253307249315,0.17292266126488495,0.672769764462438,0.0002623618959544776,0.5745073881443482,0.1718134514232595,0.6709719630077039,0.1718134514232595,0.6709719630077039,0.16935028886695683,0.6676822917423414
0.7,0.22151507055467143,0.6578770049426194,0.06881623933560382,0.48585108297549584,0.12759927257498846,0.6657578998636144,0.00027809589410399615,0.38576655293693796,0.14642691510957237,0.667278087578311,0.14642691510957237,0.667278087578311,0.14033987142103785,0.6660969231183924
0.9,0.19847973892653129,0.6167174900400744,0.06066922666263563,0.4515743720813476,0.10861537294868341,0.6594041398789557,0.00026529389512218237,0.4153889013194279,0.11989631514258409,0.6544711431904368,0.11989631514258409,0.6544711431904368,0.10251612491811628,0.6494517648601106
1.1,0.1595332504859775,0.580956411204206,0.04090711250399993,0.4262784292848568,0.08898841530328327,0.6578133999296519,0.0002524115662883516,0.5493874274179664,0.08900745483083018,0.6454383211357839,0.08900745483083018,0.6454383211357839,0.0811269766408472,0.6493493871485031
1.3,0.148759345865125,0.5601637154240456,0.0366903630305843,0.411259270366287,0.07268458700066731,0.6444248980072506,0.000336602646402393,0.5166552593096468,0.08785438444799748,0.6432929725362596,0.08785438444799748,0.6432929725362596,0.07687249055417894,0.6459948906365917
1.5,0.13947787567935926,0.5343633796968915,0.06657958218471045,0.40048834986393717,0.06888301259784488,0.6431499759468556,0.00032655532040897303,0.45668124396283516,0.0888344371265085,0.6300345677631038,0.0888344371265085,0.6300345677631038,0.08483469717176816,0.6287744409425786
