Sigma,KMeans_ARI,KMeans_NMI,KC_ARI,KC_NMI,MST_ARI,MST_NMI,Naive_ARI,Naive_NMI,MFC_Approx_ARI,MFC_Approx_NMI,MFC_Optimal_ARI,MFC_Optimal_NMI,MFC_Simple_ARI,MFC_Simple_NMI
0.1,0.17217737584269427,0.6639951456893748,0.05784762718909412,0.5251120438144397,0.15352033279624092,0.7314064515635066,0.00027393995488912996,0.6268415918891107,0.1521803739292169,0.7261546227103446,0.1521803739292169,0.7261546227103446,0.14783411351914433,0.7266433138117484
0.3,0.14680362909830633,0.6123770988285708,0.04435011436375995,0.48795838054319557,0.10870831178033838,0.7235979143269482,0.00028775547053158776,0.6564354938820102,0.11789272574239136,0.7191859527055983,0.11789272574239136,0.7191859527055983,0.10769934874432209,0.7181898529027371
0.5,0.11811919281146384,0.5645235692180247,0.04819879492965679,0.46023712427876046,0.08962858003168891,0.715370975906221,0.000341081389318905,0.391251485170113,0.08797670553806088,0.708091569107252,0.08797670553806088,0.708091569107252,0.07912167194989769,0.7020550677521765
0.7,0.0871701004534104,0.523827201654521,0.02961168317916661,0.4317636399021897,0.0772618104983969,0.7121329423239878,0.00018750955660573753,0.4798294543579791,0.07056706385193366,0.6956887927809109,0.07056706385193366,0.6956887927809109,0.05478221626267747,0.6934574767537274
0.9,0.0701116761885945,0.4896501382614959,0.02837364319741298,0.4162218679096205,0.059298268855170394,0.7119063309151156,0.00022446369266426348,0.6540695259321765,0.05539130187193414,0.6990167822362663,0.05539130187193414,0.6990167822362663,0.04897201982776713,0.6974327844020234
1.1,0.05951501264393816,0.4653535632305975,0.03210112312155495,0.40254633893628344,0.044470219461170926,0.7089118477241103,0.00028936376372080334,0.6234023034907293,0.06035623281267455,0.6943051037171863,0.06035623281267455,0.6943051037171863,0.05216760555338151,0.6931903299803
1.3,0.05043660339815798,0.4449445351920574,0.024307166619003527,0.3899977185598126,0.045510869798345656,0.7089296987008273,0.00027277376134473587,0.5987657358436618,0.04629237437909457,0.692021513596206,0.04629237437909457,0.692021513596206,0.04065386005208705,0.6910789128033246
1.5,0.04017927993737364,0.42500748991043136,0.027760442730471555,0.37961062555710146,0.02757799078545356,0.698336148926347,0.00021874246505239616,0.6075092037863021,0.045730584484558016,0.68519673662149,0.045730584484558016,0.68519673662149,0.04437354120740771,0.6970457695571509
