Sigma,KMeans_ARI,KMeans_NMI,KC_ARI,KC_NMI,MST_ARI,MST_NMI,Naive_ARI,Naive_NMI,MFC_Approx_ARI,MFC_Approx_NMI,MFC_Optimal_ARI,MFC_Optimal_NMI,MFC_Simple_ARI,MFC_Simple_NMI
0.1,0.24009452112633112,0.6091130066610343,0.08262063142870033,0.49607008548969583,0.19298846065827882,0.6783049366278824,0.00032547246744933764,0.5619039482769399,0.18638327330400067,0.6705156994620836,0.18638327330400067,0.6705156994620836,0.17319799054108465,0.6691083836031809
0.3,0.18290552978348926,0.5391937494146123,0.07468789811495512,0.44359999903965,0.13393062881245255,0.66587191365812,0.0002722795893268739,0.5018288390431159,0.13025565170313894,0.6578020693117432,0.13025565170313894,0.6578020693117432,0.12250662815302484,0.656213775663683
0.5,0.10707187644606013,0.46935169166733787,0.039991453260904426,0.4081322462580027,0.09043602944040657,0.6455051015661805,0.00024686728066530275,0.553965299042281,0.08258099868280348,0.6526380805913832,0.08258099868280348,0.6526380805913832,0.0800545003693039,0.6521114986539992
0.7,0.06941531126326604,0.4203197573565382,0.03756381635497786,0.3745316450347207,0.05286696601710991,0.6309468999866447,0.00033337874019234275,0.3360902592370051,0.05880914981885658,0.6077504797616795,0.05880914981885658,0.6077504797616795,0.05158201799546861,0.6180440054544226
0.9,0.05683719416086719,0.39087574021130056,0.03575322458503337,0.3528437024219405,0.05079978927312086,0.6372896319336101,0.0002358891123328645,0.4921863675044198,0.04408769245759254,0.623052679934335,0.04408769245759254,0.623052679934335,0.04398539350968403,0.6235024559644096
1.1,0.04500682249757795,0.36653774616727225,0.03205823567334829,0.33816910745273077,0.038212717544003114,0.6229545461424987,0.00026978825761408254,0.27153646424315553,0.04178775713713305,0.6124763432914697,0.04178775713713305,0.6124763432914697,0.04178542473432619,0.6125489538285845
1.3,0.03953792183964107,0.34631918464158523,0.03023910172278001,0.3087599916757822,0.029752494198553817,0.6294796292107198,0.0002924064870581769,0.5264554280399959,0.03436324620856223,0.4382903573268353,0.03436324620856223,0.4382903573268353,0.030240178642603456,0.3094432378694906
1.5,0.03453943626002915,0.32945250105537566,0.026586406634412845,0.296215450622491,0.013628435967844101,0.6220601495550269,0.000225177265591559,0.5327216902231883,0.031037568425640923,0.500643952684531,0.031037568425640923,0.500643952684531,0.02803169924070928,0.5541062983207179
