Sigma,KMeans_ARI,KMeans_NMI,KC_ARI,KC_NMI,MST_ARI,MST_NMI,Naive_ARI,Naive_NMI,MFC_Approx_ARI,MFC_Approx_NMI,MFC_Optimal_ARI,MFC_Optimal_NMI,MFC_Simple_ARI,MFC_Simple_NMI
0.1,0.28979693767187775,0.721625685331505,0.11103714650289527,0.5544153290749496,0.2206101538061433,0.6831811276690494,0.0002618210664570216,0.5494898065021823,0.228475295725263,0.6845644058246526,0.21402273376256897,0.6826730676388826,0.23366376948434045,0.685664605058845
0.3,0.24710592869415066,0.6685490686443935,0.09845978726394773,0.5155655906410309,0.18580286281571345,0.6753074593074161,0.000267146740927371,0.5547348498027828,0.176048657336105,0.6715467879121545,0.18801335387156878,0.6759606613736735,0.17544274967611342,0.6715283920428625
0.5,0.209070254959787,0.61491701615671,0.06717510968361518,0.47528838227278386,0.13874144394898502,0.6686118053162469,0.000244881181178208,0.5892897529222275,0.14857885214812078,0.6630588834955453,0.14930044205293608,0.6675843206714499,0.14141484472737623,0.6604624197410768
0.7,0.1614349609590515,0.5619311765761855,0.07685911351532741,0.4467895665076522,0.10722258223168617,0.6566989010455656,0.00027074866652635854,0.5487601013047491,0.10967332474173283,0.6416979092393991,0.10495973327755649,0.6586389756392128,0.10734609650342633,0.6382285803245203
0.9,0.13181143884038088,0.5296786536235218,0.05744100143270813,0.42223669341427067,0.07812289938792058,0.6577693973115615,0.00031374978821979455,0.34559319752033374,0.09170470356145476,0.6407250647084889,0.08971800751761802,0.6544260746027273,0.08354425318257608,0.6359067429382345
1.1,0.11192323692307413,0.4966772742113676,0.03673686400494275,0.3967349780279673,0.0685325786302349,0.6529964676796912,0.0002970497306551287,0.42156523988434663,0.0739598075781472,0.6415029404356614,0.06392911570344911,0.6363405517750799,0.06781970410447496,0.6417732224481641
1.3,0.09264748473248233,0.4724199804977585,0.02865029129811096,0.37039625136299253,0.062289067764068604,0.6384956977423599,0.00023273317876260096,0.5675130486837303,0.05346131724958853,0.6416092260357007,0.05484845858409794,0.6477167666893865,0.053462924553460946,0.641672201714275
1.5,0.08213943945369462,0.44664268315439626,0.03516104283008671,0.36676958170055335,0.03072085028140071,0.633444460263329,0.0002803082373101673,0.5671190681175071,0.058175762119828105,0.6135551673444615,0.04739017135602266,0.630787522247615,0.05368196306561248,0.6241418810011023
