Sigma,KMeans_ARI,KMeans_NMI,KC_ARI,KC_NMI,MST_ARI,MST_NMI,Naive_ARI,Naive_NMI,MFC_Approx_ARI,MFC_Approx_NMI,MFC_Optimal_ARI,MFC_Optimal_NMI,MFC_Simple_ARI,MFC_Simple_NMI
0.1,0.5868984387622391,0.777986059506899,0.3352750901971981,0.6814392258291443,0.5150094647766933,0.5942242137063175,0.0003660969531125716,0.06899616686170869,0.4753304355459442,0.5776056759298185,0.4753304355459442,0.5776056759298185,0.4835475149675791,0.5898282499574189
0.3,0.5422412364294706,0.730496131097932,0.3235148264349091,0.6482531315851191,0.4269556035344645,0.5499617829101885,0.0003670420570680315,0.0652271311910312,0.3765849668867282,0.5527324387867522,0.3765849668867282,0.5527324387867522,0.3765876001537611,0.5527837991709876
0.5,0.5529603770117103,0.7238208387142554,0.2824617008929493,0.5872761616985149,0.36838038418707364,0.5162894413272225,0.00033121044734881323,0.06688728731057535,0.297600917498329,0.5341916504527251,0.297600917498329,0.5341916504527251,0.297600917498329,0.5341916504527251
0.7,0.436510762242648,0.6595064856683571,0.21635659108256025,0.5606539702640678,0.3391818098627742,0.510767912080594,0.000321346406131658,0.12331679549693543,0.3386300944693026,0.517072838295182,0.3386300944693026,0.517072838295182,0.33867523929047205,0.5171113658143512
0.9,0.4520013422923224,0.6520021917018985,0.18452844799127263,0.5018457635180902,0.2705812815367258,0.48326936062343684,0.0002688108626744906,0.08041336008519184,0.22139364343153328,0.48295106156057693,0.22139364343153328,0.48295106156057693,0.22101521304036564,0.48210339251504797
1.1,0.4093230034853822,0.6135708290579397,0.17779891467299003,0.47388904404465093,0.11423137376013119,0.4302852655793329,0.0006357316858413325,0.08606749158777884,0.1893971222127048,0.4650835780192088,0.1893971222127048,0.4650835780192088,0.18939713175246287,0.4650969259950894
1.3,0.31691204446154886,0.5670968773550247,0.18768223822363955,0.43446387105018447,0.08719181018560103,0.4357041894842802,0.00032670333390657125,0.085788128338798,0.20121476749877262,0.4351128277837313,0.20121476749877262,0.4351128277837313,0.18768696946075067,0.43448992152546245
1.5,0.3163261131556781,0.5349195560855162,0.1340719918194986,0.43028954978231126,0.06123109967647433,0.42750687790635966,0.00043862684913190114,0.07860497714053875,0.13803584454500653,0.4389072749699088,0.13803584454500653,0.4389072749699088,0.13803511055724912,0.4389112424896896
