Sigma,KMeans_ARI,KMeans_NMI,KC_ARI,KC_NMI,MST_ARI,MST_NMI,Naive_ARI,Naive_NMI,MFC_Approx_ARI,MFC_Approx_NMI,MFC_Optimal_ARI,MFC_Optimal_NMI,MFC_Simple_ARI,MFC_Simple_NMI
0.1,0.17687094448925986,0.5749507436947074,0.051791530202631164,0.4841929405394734,0.12869645196850485,0.7276952658275447,0.0003337970199678287,0.6158981302224914,0.12301804595185863,0.717424900378546,0.12301804595185863,0.717424900378546,0.11436791021801752,0.7168460982022625
0.3,0.12961986848337428,0.5193333800726803,0.036309331084860896,0.43897881934629096,0.08240968063181348,0.7136315311211299,0.0002336310419677587,0.6409998143605017,0.08074055315949641,0.7099327322708812,0.08074055315949641,0.7099327322708812,0.07422559880925861,0.7092930008882168
0.5,0.06459470904953923,0.45745922996859273,0.03447064155533726,0.41282993760837877,0.05431467655244644,0.7092937320062813,0.0002937027100335758,0.5933841686435728,0.06068433603731497,0.6921329882131324,0.06068433603731497,0.6921329882131324,0.05852384291614463,0.6937068749580965
0.7,0.038116883668894416,0.4199404944486734,0.030776179043850094,0.3842555951580802,0.03721673421215581,0.7050993480194122,0.00027190907537421,0.6274321081748155,0.03915604201857878,0.6705448105298786,0.03915604201857878,0.6705448105298786,0.03705210004910732,0.6509092711645842
0.9,0.02820572260648763,0.3970467251124251,0.024301027470830204,0.3678671512859146,0.021635236572128725,0.7057487469831089,0.00024196753194644696,0.43003468536065287,0.036355736112724524,0.6576931137893768,0.036355736112724524,0.6576931137893768,0.0300120517308432,0.6681438466558273
1.1,0.02299257523309991,0.379429945425207,0.021893464534431098,0.3529912079833983,0.01826863225306342,0.7034946119531553,0.00022286722776248676,0.6365658064522106,0.028326061650018077,0.6284253053377009,0.028326061650018077,0.6284253053377009,0.023028603029790397,0.5831267148145699
1.3,0.019746491108374998,0.3656677638464408,0.01884872967574601,0.3402347855140878,0.012903578693170388,0.6887685696032833,0.0002513958853573565,0.3984986152465348,0.02044381085058504,0.6140775365766238,0.02044381085058504,0.6140775365766238,0.01935025487724792,0.5714170593984399
1.5,0.017705986697690766,0.35639979477030026,0.016737941803959114,0.3283813767788022,0.011618875434865672,0.686001529312441,0.00024867864556553577,0.4809732644328995,0.017976563943699293,0.6005587641925924,0.017976563943699293,0.6005587641925924,0.016739968151008817,0.33076351950578603
