Sigma,KMeans_ARI,KMeans_NMI,KC_ARI,KC_NMI,MST_ARI,MST_NMI,Naive_ARI,Naive_NMI,MFC_Approx_ARI,MFC_Approx_NMI,MFC_Optimal_ARI,MFC_Optimal_NMI,MFC_Simple_ARI,MFC_Simple_NMI
0.1,0.3225564748050907,0.7588924611516653,0.1617031327382272,0.5977741508217901,0.3565752007520161,0.6572106931487374,0.0002786093987177834,0.4580352004390885,0.3474855721916611,0.6564511140388999,0.3474855721916611,0.6564511140388999,0.3392985114539788,0.6580003490777621
0.3,0.3698018680669853,0.7630341097952003,0.1327597919417145,0.5609954226255086,0.3199395284125673,0.6429325174850677,0.00025437470124391377,0.5235039700317679,0.29417594790231694,0.6459275215824811,0.29417594790231694,0.6459275215824811,0.2772814473431611,0.6433554239874092
0.5,0.3677327490509855,0.7407021523579013,0.1462964860895251,0.5457810430661293,0.260889633184614,0.6276543653574856,0.0003025610350438808,0.3225759224752548,0.27218560018916804,0.6373086073170059,0.27218560018916804,0.6373086073170059,0.26259010034647756,0.6356047008310967
0.7,0.31165804834321525,0.7073280563492983,0.11447303239464406,0.5170210876902924,0.21351167923824693,0.6196969777018178,0.0003879765343030168,0.2455539027168655,0.21814865299898759,0.626022738054197,0.21814865299898759,0.626022738054197,0.22782159174731068,0.6260787162507498
0.9,0.29365517703529587,0.661638317966428,0.10296562306750355,0.4911836946142215,0.1800198481245613,0.609069172976425,0.0003157070407473009,0.47458883713881767,0.17945213609566912,0.6097207363129526,0.17945213609566912,0.6097207363129526,0.17088025801362633,0.6131423933676166
1.1,0.2667481483527844,0.6290488650111308,0.07359539426409857,0.46041327534823967,0.17373855563568572,0.6070705402475859,0.00026889296356461196,0.2375600327077334,0.16680885906874673,0.6121471215305726,0.16680885906874673,0.6121471215305726,0.16105211122970034,0.6112450093013443
1.3,0.26289422131184836,0.6297364916624849,0.09125140569480507,0.44215642944858424,0.15758680482410828,0.6026603416563855,0.00026040694252291196,0.44398996587404416,0.13364356777269798,0.5894803910719166,0.13364356777269798,0.5894803910719166,0.1293742992841589,0.5904032973224309
1.5,0.2349401061909642,0.5966278357062903,0.06167941745662924,0.4191056133903422,0.11677719328841613,0.5987836179326647,0.00031059696593984754,0.31559530080379816,0.10765871487663208,0.583815757512259,0.10765871487663208,0.583815757512259,0.10078952401346819,0.5837517019234563
