Sigma,KMeans_ARI,KMeans_NMI,KC_ARI,KC_NMI,MST_ARI,MST_NMI,Naive_ARI,Naive_NMI,MFC_Approx_ARI,MFC_Approx_NMI,MFC_Optimal_ARI,MFC_Optimal_NMI,MFC_Simple_ARI,MFC_Simple_NMI
0.1,0.19990301739727084,0.713983726928809,0.0649519125664713,0.5487618991250889,0.16179525371102407,0.7330919184648531,0.00023413198002311762,0.6872861116470464,0.16384467803171784,0.7262776308247257,0.16384467803171784,0.7262776308247257,0.16520396754452701,0.7270834004924469
0.3,0.1641052285637423,0.6785209593246515,0.04979767471054693,0.5111445648945472,0.12790385369909427,0.7260128719139175,0.00021886550114379703,0.6651044228904077,0.13329192883676938,0.7202304755432725,0.13329192883676938,0.7202304755432725,0.13002835115967187,0.7207081808938407
0.5,0.14646048630330813,0.6370669606719271,0.04083487547310287,0.48140113858126865,0.10198201539345252,0.7192389972881769,0.00028651121387576035,0.6375505330425816,0.10780086706534499,0.7179932838030557,0.10780086706534499,0.7179932838030557,0.09457907180055142,0.7168625150171066
0.7,0.1304233295265634,0.5981041041026451,0.03817215110034563,0.46269462985064136,0.08804375934950294,0.7157248149830412,0.000283502387004172,0.6238292450680228,0.087439980614031,0.7035188213400028,0.087439980614031,0.7035188213400028,0.07790606774754928,0.7027479062708346
0.9,0.111947802297863,0.5646482119085003,0.03245976968637064,0.44283446364951573,0.0631923014270227,0.7163266911122502,0.0002662797450315914,0.6627078801050645,0.08009757065808162,0.7059815057213968,0.08009757065808162,0.7059815057213968,0.0705665312285336,0.7041085565918115
1.1,0.09280249775480442,0.5397023692879847,0.027792367181805836,0.42576885496032724,0.07035266576933519,0.7117197842376347,0.0002498380277196845,0.6568022988208876,0.06402709926397242,0.7027791614398947,0.06402709926397242,0.7027791614398947,0.05852070369931485,0.7022430596222421
1.3,0.08254157669721651,0.514125637932643,0.02939551418552729,0.4117846800016603,0.036695705969729576,0.7092571875206032,0.0003152641205203332,0.544819503005279,0.051914747303893304,0.6905651579724977,0.051914747303893304,0.6905651579724977,0.050161089440465025,0.6987359690851489
1.5,0.06926508497870477,0.49180016671102517,0.028982110248124433,0.40046192542202397,0.03912254352547609,0.7123928670594101,0.00026708380643207774,0.6498160954294017,0.05655521593982649,0.6884057293300655,0.05655521593982649,0.6884057293300655,0.04560481124149112,0.6810558056617906
