Sigma,KMeans_ARI,KMeans_NMI,KC_ARI,KC_NMI,MST_ARI,MST_NMI,Naive_ARI,Naive_NMI,MFC_Approx_ARI,MFC_Approx_NMI,MFC_Optimal_ARI,MFC_Optimal_NMI,MFC_Simple_ARI,MFC_Simple_NMI
0.1,0.6554879521063565,0.8270245325245286,0.3989171064312151,0.7260152406651976,0.5827003418340955,0.6084461021732719,0.0004214716183299273,0.08516017224650801,0.5591154143229101,0.6048623335994138,0.5591154143229101,0.6048623335994138,0.5591154143229101,0.6048623335994138
0.3,0.659384358150994,0.8564194762078869,0.3346601148474785,0.6789919462039599,0.5342247783920624,0.5899345314206823,0.0002428699619663942,0.34281228259255875,0.4524194003703838,0.568141622539268,0.4524194003703838,0.568141622539268,0.5126078129639476,0.5909484647609998
0.5,0.6224867808434554,0.7936773530451865,0.3224886113923587,0.6532291776244169,0.4609400687268201,0.561604328495746,0.0004658446007478766,0.0936082601444907,0.4385829161099348,0.5750703178484663,0.4385829161099348,0.5750703178484663,0.4386195549253441,0.5770937933701459
0.7,0.6267162921910545,0.8121213614246996,0.2862346837499866,0.6276752727114405,0.449315329642349,0.5602237739900096,0.0003274658629563508,0.0654322603490023,0.35271451219735667,0.5507432872459298,0.35271451219735667,0.5507432872459298,0.43684452443713984,0.581356281385637
0.9,0.5923240421162301,0.7904577196984651,0.2695028887687278,0.5896411961035729,0.40496694906191116,0.5296433148666781,0.000699822656637301,0.09613122419614926,0.32208866196547764,0.5347038657494593,0.32208866196547764,0.5347038657494593,0.32643638704090194,0.5369939296994347
1.1,0.5497176032920768,0.73663017278249,0.23596412830485958,0.585180694886874,0.37808822756596383,0.5187804818232662,0.0003545273632871094,0.05801946626838574,0.3157332946633503,0.5186900827691978,0.3157332946633503,0.5186900827691978,0.31325257579493276,0.5179256714842604
1.3,0.5852320753245013,0.7361765899740398,0.14538721028888407,0.49342171529147605,0.23525230995900334,0.4736931848276938,0.00044016932436418706,0.1174329598658124,0.2284238295663778,0.48557174748311027,0.2284238295663778,0.48557174748311027,0.22847509007317626,0.4856268417926309
1.5,0.551057481079122,0.723062756945865,0.18144181065732845,0.5168068446647083,0.22377713637587066,0.4697987329068727,0.0004932054212673916,0.0560316900316126,0.21371172066872673,0.48096497837773644,0.21371172066872673,0.48096497837773644,0.2137426305877286,0.4786999083548361
