Sigma,KMeans_ARI,KMeans_NMI,KC_ARI,KC_NMI,MST_ARI,MST_NMI,Naive_ARI,Naive_NMI,MFC_Approx_ARI,MFC_Approx_NMI,MFC_Optimal_ARI,MFC_Optimal_NMI,MFC_Simple_ARI,MFC_Simple_NMI
0.1,0.48374504041843425,0.6953386649007144,0.2574129770399503,0.5900645964394189,0.4277471501668116,0.5550991053867256,0.0004123706455632287,0.09516300041529044,0.3968135024842674,0.5595250283264696,0.3968135024842674,0.5595250283264696,0.39772264193050544,0.5604336519161711
0.3,0.41536515662199275,0.6355243782345171,0.221608029161843,0.536749820688382,0.3185730821080169,0.507996696177382,0.0003637891184658934,0.0902871074356447,0.3172284392976064,0.5102231036808564,0.3172284392976064,0.5102231036808564,0.31722843988968474,0.5102304732394081
0.5,0.30492662723304953,0.5491495832923798,0.15467962125221735,0.46562193086750486,0.2427996691528676,0.46751111325646727,0.0003350171951864386,0.0750792688065501,0.191323227983059,0.4584030286841196,0.191323227983059,0.4584030286841196,0.19132675221412304,0.45842998081049446
0.7,0.2929286796443986,0.5008230205095927,0.12661386414346384,0.3959926348942075,0.13010648671511701,0.41870547930775925,0.00032534729422312414,0.08651117194198273,0.16198652476516462,0.4050573228222888,0.16198652476516462,0.4050573228222888,0.12661386414346384,0.3959926348942075
0.9,0.2129495173159925,0.4436380381990344,0.11819554084583782,0.3917606020636345,0.05282437039640972,0.37381379247353413,0.00023399351999146064,0.06925968577917498,0.12198399772695111,0.3780422586901076,0.12198399772695111,0.3780422586901076,0.11819554084583782,0.39176060206363394
1.1,0.19059371542565784,0.4077768064374812,0.12729786417084202,0.3574840282115327,0.0424679837941082,0.3730526546797801,0.0004876002384574487,0.07171880114353571,0.12783391936311328,0.3673239390224806,0.12783391936311328,0.3673239390224806,0.1272989129763911,0.357600544158746
1.3,0.1607403508839555,0.3687395659917915,0.07670567018065949,0.3101496837503055,0.03035879488099623,0.37540299453190656,0.00038477806465498136,0.06782242793977766,0.08996345106950218,0.300568843212736,0.08996345106950218,0.300568843212736,0.07670567018065949,0.31014968375030644
1.5,0.13833769896453227,0.33981901646011253,0.06451350399562851,0.2964101347023648,0.02623197533357143,0.3753856882895094,0.0002938048301640229,0.06789403918541823,0.07400661304685922,0.3022926609034362,0.07400661304685922,0.3022926609034362,0.06451350399562851,0.2964101347023651
