Sigma,KMeans_ARI,KMeans_NMI,KC_ARI,KC_NMI,MST_ARI,MST_NMI,Naive_ARI,Naive_NMI,MFC_Approx_ARI,MFC_Approx_NMI,MFC_Optimal_ARI,MFC_Optimal_NMI,MFC_Simple_ARI,MFC_Simple_NMI
0.1,0.2502543477678366,0.6100728072955864,0.08025577320736849,0.4947257045532384,0.20283699742153533,0.6805156321012877,0.00028444383257583775,0.5549312244809713,0.19057488720124435,0.6720285990369904,0.18121652759655307,0.677634541175163,0.17185664976210047,0.6682598944928343
0.3,0.18565958797632137,0.5389707473311968,0.07118850628649233,0.44924722933382966,0.13169075881791856,0.6661123134370965,0.00023639193899787454,0.5628678243620289,0.14408828335420867,0.6559080596513118,0.13360493387306563,0.6585967508445484,0.13871872587555276,0.6551415172220829
0.5,0.10949111901994059,0.4698071786281541,0.06443271958768054,0.40394506346882275,0.08883212894893083,0.6445642494426251,0.00028278957888495145,0.31867258137900895,0.08754438118718832,0.61571173228928,0.08232740862838603,0.6472240853517456,0.07923182163130468,0.6151629388118847
0.7,0.06974577556137855,0.4216351317257974,0.05328503142866745,0.3755017872464454,0.05484923023641721,0.6458234676327347,0.0003794554628907144,0.3040594820948803,0.06381521612817821,0.6033091284146608,0.06719514268250164,0.6332610374425731,0.06219710184244843,0.5858566735621383
0.9,0.05825810940885707,0.3922420332020028,0.04092743493055351,0.35522482254310767,0.04566330603960198,0.6293959903852009,0.0002764973653885283,0.5696443485949586,0.049776408790736755,0.5785855914514307,0.04575221396001108,0.6108425520193907,0.048844792273140855,0.6039449880961432
1.1,0.04801385219973121,0.36681101011714023,0.0371047989909922,0.32808489210082586,0.03824590492446402,0.6261772258307023,0.00026900296957033126,0.3364451683979051,0.045453999695305954,0.6005319635479716,0.038765541091866716,0.6132583134474165,0.038485303210235015,0.516323981065288
1.3,0.040883896699863816,0.3489079871430569,0.03213106920706057,0.308448525694786,0.035258576463468215,0.6260746962424354,0.0002246870832301031,0.5344428264710364,0.03618273704792571,0.5398215900479687,0.039339051754680464,0.5975942552582871,0.03213397335342547,0.3088796819741774
1.5,0.03464443468956752,0.3298381053276699,0.024414849265365534,0.2969103394572138,0.015873947556442072,0.6372093165680425,0.000221122937087663,0.5426530180531953,0.02816698996812658,0.5312769673601775,0.025485553529578906,0.5998031919471619,0.02564782472684431,0.5670681372693807
