Sigma,KMeans_ARI,KMeans_NMI,KC_ARI,KC_NMI,MST_ARI,MST_NMI,Naive_ARI,Naive_NMI,MFC_Approx_ARI,MFC_Approx_NMI,MFC_Optimal_ARI,MFC_Optimal_NMI,MFC_Simple_ARI,MFC_Simple_NMI
0.1,0.42426511039392056,0.7070238231054049,0.2312206266889862,0.5992273646779916,0.34311693702787527,0.5855121014177855,0.00025822739206148173,0.18300684803135067,0.3215487270307921,0.592674171402934,0.3215487270307921,0.592674171402934,0.31686168615094207,0.5942220134671443
0.3,0.3441073375891243,0.6410992250303855,0.17696657119032555,0.5383699855960651,0.277941387673909,0.569705520121378,0.00027604302315598284,0.11725839418624323,0.24089273608910247,0.5654062769288527,0.24089273608910247,0.5654062769288527,0.21989169955147586,0.5610540214719697
0.5,0.27877274777425387,0.5917634678672876,0.13517754817081978,0.4874845820119408,0.21912115711699057,0.5441771962521588,0.00024695931187518035,0.15413518461338366,0.1663401853201926,0.5381174927666212,0.1663401853201926,0.5381174927666212,0.15113682790333716,0.5339135102183874
0.7,0.2415587953760406,0.5533629521616874,0.11664794882737231,0.44931500467416524,0.1801903842634065,0.5347837159478144,0.00027729286846257985,0.14326743910532244,0.1305811203722511,0.46318403901519456,0.1305811203722511,0.46318403901519456,0.1261546776928746,0.5135877749523938
0.9,0.21764173447327184,0.5157630090955816,0.08391387984751503,0.41569941760115764,0.1391891906964757,0.5164396205886463,0.00047807746337027735,0.1769626560450038,0.11793888359851941,0.5086451949602884,0.11793888359851941,0.5086451949602884,0.10155867707717982,0.5056678010070561
1.1,0.16158995067530113,0.47218679321760937,0.0959424369258512,0.3903580572633579,0.11408793403704387,0.5185776771080073,0.0004406601954482859,0.1369530480233644,0.10430760099944329,0.4812539137834667,0.10430760099944329,0.4812539137834667,0.09946592060556,0.47943281778256414
1.3,0.14378941465407508,0.441316696526042,0.07749847201371231,0.3635307376398441,0.06519145599432616,0.5059077934792211,0.0002597462187760445,0.15040098926399947,0.08569453996515207,0.4824345696297388,0.08569453996515207,0.4824345696297388,0.08554568944206813,0.4839177613960766
1.5,0.1307675972970403,0.417996074561459,0.07332913687429114,0.34800430183119485,0.058485265039564784,0.49194563099227306,0.00043753265039206505,0.15198754405368384,0.08006372202167114,0.397006348112455,0.08006372202167114,0.397006348112455,0.07336110755105779,0.3494462003288338
