Sigma,KMeans_ARI,KMeans_NMI,KC_ARI,KC_NMI,MST_ARI,MST_NMI,Naive_ARI,Naive_NMI,MFC_Approx_ARI,MFC_Approx_NMI,MFC_Optimal_ARI,MFC_Optimal_NMI,MFC_Simple_ARI,MFC_Simple_NMI
0.1,0.3803015712039639,0.6618111823668288,0.17466852842130448,0.5517134486790741,0.33203355532837625,0.5823292807546923,0.00032726933153298725,0.1965809960318065,0.3027674336173288,0.578909826654875,0.329506385397698,0.5812082336146651,0.3006448792755909,0.5788331001277042
0.3,0.2902758580347021,0.5848588721104518,0.14001842955469637,0.484143646248359,0.2426535407114288,0.552716837191656,0.00027958826871900033,0.11808199916327629,0.1924870600287176,0.543674513212366,0.22950881031745526,0.5493808496140093,0.1925894320529962,0.5438364453022745
0.5,0.23292684387138235,0.5255078446493678,0.12927007408123578,0.44707409240502083,0.15297170190929088,0.5245162429698017,0.0003401475988282145,0.16266719725154313,0.14593503490862073,0.5034182814070388,0.12989241092237583,0.5057428472043678,0.1377555663558345,0.5037862853185174
0.7,0.16133606811751672,0.46686035870253395,0.11627105329407028,0.395524159079494,0.12043148438657718,0.502521815585602,0.00028623243877895537,0.08567516910082729,0.13862315991074606,0.48050341474164676,0.10381294881064926,0.489213189771568,0.11627105329407028,0.3955241590794938
0.9,0.12930924142163952,0.42361823843660995,0.08081762773342052,0.3744959557405127,0.09828064673085768,0.5062057622922722,0.0002227122389171424,0.37382177838381375,0.0864517014132422,0.4712846939389811,0.09743692508724067,0.47879507291032497,0.08642912822916599,0.47129590117821074
1.1,0.11356567296783732,0.3928461683425403,0.07697238816331015,0.3589915527837215,0.06645057095454908,0.4939893115435294,0.00021637736036308493,0.38874974134805673,0.08472823275330214,0.46021351372061525,0.0807497058224156,0.48624850336380815,0.08203978601310204,0.4631614951461173
1.3,0.10058424722189435,0.3639530806273858,0.06693681157949821,0.312568183448019,0.03654827683665088,0.49329974897320217,0.0003796700849266123,0.21708680625917248,0.08553973568626784,0.3241351139723582,0.02825842116980744,0.464002212634833,0.06694255340956741,0.31290077071372585
1.5,0.09333937178872048,0.34244761336755314,0.07505192679916337,0.2885404362238455,0.024187867978033052,0.47601490838764327,0.0003308188998738331,0.17169220486288858,0.07936653456510363,0.35096390005809364,0.06274016575169378,0.4347560011726802,0.07505676344181911,0.28879819650501287
