Sigma,KMeans_ARI,KMeans_NMI,KC_ARI,KC_NMI,MST_ARI,MST_NMI,Naive_ARI,Naive_NMI,MFC_Approx_ARI,MFC_Approx_NMI,MFC_Optimal_ARI,MFC_Optimal_NMI,MFC_Simple_ARI,MFC_Simple_NMI
0.1,0.26454496878579215,0.5558362455919728,0.12666253329320126,0.5103615933466437,0.22286476405438976,0.6088604222693325,0.00033061200124291656,0.20974784243886405,0.23643474323857827,0.6071565033301045,0.23643474323857827,0.6071565033301045,0.23643474323857827,0.6071565033301045
0.3,0.19287944793104786,0.4791716947282446,0.10421752593510071,0.4474510363046111,0.11619692322753507,0.5667171536825403,0.00024596871056810387,0.442905367119885,0.12110303995451148,0.5628825748355045,0.12110303995451148,0.5628825748355045,0.12110303995451148,0.5628825748355045
0.5,0.115900956971109,0.4081754728271502,0.07256416766730635,0.3886861241357006,0.06294526023155393,0.5335419721735369,0.0003366587177706566,0.23103813525803424,0.07600764313923546,0.5136779616282848,0.07600764313923546,0.5136779616282848,0.07602955770909664,0.5137129663616906
0.7,0.08623807234308974,0.36521745495852265,0.06717727706157609,0.36201992761628266,0.03945603092206625,0.540070563271678,0.0002592915186459366,0.22084468048611078,0.06620692193497148,0.45651401952397475,0.06620692193497148,0.45651401952397475,0.06717727706157609,0.3620199276162828
0.9,0.06061448707972224,0.32589755273942006,0.05596538642313732,0.3258525967918351,0.032466412598332085,0.5265594247341359,0.0003260211476982981,0.2602255805136697,0.057903768293488804,0.34307479635887705,0.057903768293488804,0.34307479635887705,0.05596539823346711,0.32587911793632734
1.1,0.0533551408657705,0.2994267967882945,0.05664667247517442,0.309247647248873,0.018607834362286708,0.4999289045807469,0.0003584513513592805,0.25315321920691725,0.04803812968548633,0.40452934938525326,0.04803812968548633,0.40452934938525326,0.056646675743102975,0.3092646433827404
1.3,0.044575819071317184,0.27603688122719716,0.050580028783859414,0.2839813200357233,0.01802452794496154,0.4861014594122126,0.0002327136792683716,0.3720247201329491,0.04765451386264934,0.42864506940407865,0.04765451386264934,0.42864506940407865,0.0505800373890099,0.2840146769533626
1.5,0.03886214530714407,0.2561099477895479,0.043128880022646435,0.2572094173968086,0.014983774071471403,0.49979522752258854,0.0002814918009669427,0.23811217863872147,0.03812545277191436,0.3413743879090844,0.03812545277191436,0.3413743879090844,0.04312926345712243,0.2576342025901659
