Sigma,KMeans_runtime,KC_runtime,MST_runtime,Naive_runtime,MFC_Approx_runtime,MFC_Optimal_runtime,MFC_Simple_runtime
0.1,0.1399237,0.0106637,17.7606109,8.274886599999999,2.880028,2.7257208,3.2391962
0.3,0.1342307,0.0107614,17.9848917,8.127946999999999,2.5040636999999997,2.6436912,2.9763316
0.5,0.2030472,0.0110109,18.0568177,8.0939145,3.2323989999999996,3.2408900000000003,3.7756819
0.7,0.2177238,0.0113365,18.3201154,8.169105100000001,4.2546788,4.2435081,4.8112754
0.9,0.1777399,0.0134616,18.1653181,8.677743,3.9973226999999993,4.2045966,4.4352013
1.1,0.1882011,0.0108167,18.2029598,8.5931323,3.3267691,3.3009872000000002,4.0553236
1.3,0.180655,0.0108734,18.2722051,9.2712775,2.8704844,2.8170433,3.6118585
1.5,0.1963904,0.0106087,18.4090191,8.7330684,5.375971799999999,5.5745663,6.173184099999999
