Sigma,KMeans_runtime,KC_runtime,MST_runtime,Naive_runtime,MFC_Approx_runtime,MFC_Optimal_runtime,MFC_Simple_runtime
0.1,0.4253905,0.0339844,17.4537929,0.0035164,1.2569344,3.9480743,1.461052
0.3,0.3336916,0.0398964,17.423299,0.0036583,1.7210988999999999,4.1592774,1.4317995
0.5,0.4114281,0.0463328,17.49851,0.0034274,1.4081917000000002,3.964355,1.3567832
0.7,0.3097772,0.0348072,17.7260887,0.0034028,2.6341893,5.0824838,2.5994758
0.9,0.4798086,0.0351633,17.7486597,0.003656,1.8134851,4.474831099999999,1.7882026
1.1,0.4165649,0.036772,17.8928449,0.0035103,0.8541348,3.7352132,0.9413693000000001
1.3,0.3579935,0.0339272,17.4731202,0.0037566,2.3321692,4.9876248,2.2669061999999998
1.5,0.550793,0.0342266,17.7141565,0.0034758,1.0129833000000001,3.8673283,0.9773553
