Sigma,KMeans_runtime,KC_runtime,MST_runtime,Naive_runtime,MFC_Approx_runtime,MFC_Optimal_runtime,MFC_Simple_runtime
0.1,0.1560086,0.0112504,17.7983237,7.9867445,2.9308439,4.024032399999999,3.0727463
0.3,0.2106562,0.0110003,17.4925585,7.9939467,2.3892139,3.7757386,2.7437265
0.5,0.1666212,0.0118315,17.8480201,8.3081534,2.2464833,3.0799179000000003,2.6313096999999996
0.7,0.2098944,0.0114928,17.871948399999997,8.320066200000001,2.5327446,3.5108287,3.6536332000000002
0.9,0.1952317,0.0109616,18.092852,8.5481601,3.355429,4.3163219999999995,4.0327215
1.1,0.2060619,0.0111819,17.965589199999997,9.1831502,3.6273607,4.6664493,4.1439693
1.3,0.1964931,0.0107829,18.2245923,8.5791097,3.3149754000000002,4.3686029,3.8248603
1.5,0.2019624,0.0110521,18.737822100000002,8.684245599999999,3.0382231,3.9575435000000003,3.4948904000000005
