Sigma,KMeans_runtime,KC_runtime,MST_runtime,Naive_runtime,MFC_Approx_runtime,MFC_Optimal_runtime,MFC_Simple_runtime
0.1,0.4441387,0.4936654,33.1125836,0.0063347,3.018283,19.653801,2.7442805999999997
0.3,0.7584409,0.4746996,33.3786642,0.0065864,2.8204065000000003,19.9064926,2.6906277000000003
0.5,0.6082238,0.4675445,32.0128975,0.0065683,2.8198632,19.510368,2.7242843999999997
0.7,0.5305151,0.4836457,33.428253,0.0065946,3.4293926999999997,20.1038922,3.1670466999999998
0.9,0.7596459,0.4705735,33.3634713,0.0069512,3.0436437,20.0359889,2.7326267
1.1,0.6348363,0.4972775,32.5598475,0.0064218,3.6704421,19.9858857,3.5552213
1.3,0.9687499,0.4970182,33.8233919,0.0059346,2.8768865999999997,20.319097,2.434576
1.5,0.996131,0.4952807,33.540637,0.0084742,2.2964168,19.916779899999998,1.8781471
