Sigma,KMeans_runtime,KC_runtime,MST_runtime,Naive_runtime,MFC_Approx_runtime,MFC_Optimal_runtime,MFC_Simple_runtime
0.1,0.2109579,0.1177439,23.5570162,0.0040684,2.373208,10.296555600000001,2.5403488
0.3,0.2313131,0.111275,23.5515241,0.0044234,2.3330851,10.548890799999999,2.2468227
0.5,0.3610361,0.1162789,23.2900396,0.0047362,2.3974265000000003,10.6626663,2.4533342
0.7,0.2622918,0.1166789,23.4984801,0.0048679,2.1573251,10.5002656,2.0777454
0.9,0.2719573,0.1142121,23.4116221,0.0046663,2.2258913000000002,10.696148599999999,2.1428692000000003
1.1,0.3082074,0.1123045,23.4289828,0.0050072,2.443128,10.9452493,2.218278
1.3,0.3554401,0.1127041,23.4998384,0.0047352,1.842889,10.7710421,1.804338
1.5,0.3979961,0.1116371,22.7140872,0.004909,2.4126284,10.7615992,2.3533446
