Sigma,KMeans_runtime,KC_runtime,MST_runtime,Naive_runtime,MFC_Approx_runtime,MFC_Optimal_runtime,MFC_Simple_runtime
0.1,0.1656067,0.0111793,18.0984325,0.0028989,2.6879030999999998,3.6433745999999996,2.4382555
0.3,0.1682226,0.0113123,16.5128912,0.0031218,1.7476772,3.1223052,1.8800632
0.5,0.1686861,0.0117329,16.8774019,0.0027713,1.8455762,3.0498130000000003,1.976866
0.7,0.1841243,0.0119889,16.890701,0.0029484,1.1815480999999999,2.1195813,1.0308749
0.9,0.2036838,0.0109242,17.0031495,0.002843,3.0662718,4.289967799999999,3.1921928
1.1,0.203531,0.0111073,17.2859846,0.002629,3.3545729,4.7291766,3.5841161
1.3,0.2224806,0.0114937,17.3121205,0.0031503,2.2014031,3.5734148,2.2042317
1.5,0.2082822,0.0121008,17.2185063,0.002998,1.4819656,2.5611075999999997,1.4481133
