Sigma,KMeans_runtime,KC_runtime,MST_runtime,Naive_runtime,MFC_Approx_runtime,MFC_Optimal_runtime,MFC_Simple_runtime
0.1,0.1237476,0.0039817,16.2095294,0.0025231,2.8279912,3.544884,2.6428959
0.3,0.1008538,0.0051303,16.4147337,0.0024631,3.0399532999999996,3.8433303,3.2152982999999997
0.5,0.1109233,0.0040944,16.1772534,0.0027404,3.4907989,4.1992028999999995,3.4227942000000002
0.7,0.1202316,0.0047977,17.4657153,0.002377,4.2114995,5.2627413,4.2222681
0.9,0.1109972,0.0055189,17.0738883,0.0028913,5.0599933,5.941626100000001,4.9451307
1.1,0.1535481,0.0059226,17.796487,0.0026823,2.9855039999999997,3.954139,3.1087799
1.3,0.1286169,0.0041852,17.0188452,0.0026969,3.9009834999999997,4.8329351,4.106950100000001
1.5,0.1232888,0.0042213,16.7971381,0.0027213,2.7196963000000003,3.7525043,2.8766263000000003
