Sigma,KMeans_runtime,KC_runtime,MST_runtime,Naive_runtime,MFC_Approx_runtime,MFC_Optimal_runtime,MFC_Simple_runtime
0.1,0.0037687,0.0011399,0.28616,0.0002609,0.0438433,0.0275406,0.0490291
0.3,0.0043204,0.0010591,0.13915,0.0002472,0.0170468,0.0259599,0.0106656
0.5,0.0069406,0.0012056,0.1343199,0.0002875,0.0122233,0.0275,0.0115111
0.7,0.0063304,0.0011965,0.1352664,0.0002347,0.009648,0.0239108,0.0085712
0.9,0.0048458,0.0010844,0.1337531,0.0002278,0.0131884,0.0264545,0.0088818
1.1,0.0078445,0.0011025,0.1337661,0.0002443,0.0110849,0.0254613,0.0077707
1.3,0.0061813,0.0010752,0.132312,0.0002727,0.0241397,0.033384199999999996,0.0195375
1.5,0.0047314,0.0012113,0.1407725,0.0003045,0.0066474,0.0238735,0.0055173
