Sigma,KMeans_runtime,KC_runtime,MST_runtime,Naive_runtime,MFC_Approx_runtime,MFC_Optimal_runtime,MFC_Simple_runtime
0.1,0.0046763,0.0014174,0.3024477,0.0002548,0.0108041,0.026122799999999998,0.0416563
0.3,0.0040091,0.0010552,0.1311419,0.0002303,0.015033500000000002,0.0259385,0.0104801
0.5,0.0035933,0.0012692,0.1344201,0.0002594,0.0117127,0.0250987,0.0105234
0.7,0.0051523,0.0010597,0.1286608,0.0002282,0.014613300000000001,0.0281738,0.013537200000000001
0.9,0.0043275,0.0011359,0.1315138,0.0002677,0.0101586,0.0276399,0.0106111
1.1,0.0060044,0.0010766,0.1273323,0.0002349,0.011533100000000001,0.0253085,0.010318200000000001
1.3,0.0049148,0.0010592,0.125735,0.0002132,0.0147406,0.0285294,0.0121397
1.5,0.0048245,0.0010657,0.1298044,0.0002389,0.0180442,0.0298718,0.013576
