Sigma,KMeans_runtime,KC_runtime,MST_runtime,Naive_runtime,MFC_Approx_runtime,MFC_Optimal_runtime,MFC_Simple_runtime
0.1,0.1792189,0.1234016,34.2968572,0.0073551,4.5807653,17.724195400000003,4.4736323
0.3,0.1856966,0.1279641,34.643117,0.0067887,4.6967139,17.9221717,4.613900999999999
0.5,0.2469504,0.1322308,34.0263035,0.0068703,4.703916,16.6905467,4.7587384
0.7,0.1675268,0.1265525,32.372927,0.0070437,4.1047704000000005,17.193436,3.9168268
0.9,0.1869544,0.1237404,33.1639077,0.0073438,4.2633847,16.477905099999997,4.0800931
1.1,0.1970734,0.1230405,34.2162789,0.0084432,4.0407032,17.181379099999997,3.9860255
1.3,0.2411032,0.1350537,33.9915925,0.0066012,5.8854068,19.0579506,5.716363
1.5,0.2533165,0.1234361,34.058387,0.0077091,6.171950900000001,18.7956315,5.8530399
