Sigma,KMeans_runtime,KC_runtime,MST_runtime,Naive_runtime,MFC_Approx_runtime,MFC_Optimal_runtime,MFC_Simple_runtime
0.1,0.510462,1.0117783,32.9532191,0.0092563,3.118912,20.0944252,2.2996017
0.3,0.7047403,0.9990515,33.3178696,0.0078335,3.1195578,20.0393149,2.4020455
0.5,0.8073308,0.9778307,33.4366067,0.0061043,2.8642907,20.135113999999998,2.1334756
0.7,0.9700204,1.0215557,33.6782512,0.0069251,3.03766,20.3683106,2.449402
0.9,0.9066909,0.9633765,33.7217663,0.0080664,2.5505916,20.345967899999998,1.9978413000000002
1.1,0.8266306,0.9765005,33.4049054,0.0062316,2.7579842,20.3946278,2.2033141
1.3,0.8177076,0.9960254,33.8800583,0.0065586,2.7385288,20.4846095,2.1482539000000003
1.5,1.0896325,0.9861491,33.9907499,0.0066882,2.9078049,20.3151117,2.4824126
