Sigma,KMeans_runtime,KC_runtime,MST_runtime,Naive_runtime,MFC_Approx_runtime,MFC_Optimal_runtime,MFC_Simple_runtime
0.1,0.0100441,0.0065159,0.3251524,0.0003116,0.0136194,0.032840799999999996,0.0439539
0.3,0.0130637,0.0063713,0.1396177,0.0003023,0.0193393,0.032240000000000005,0.0096142
0.5,0.0144639,0.0064469,0.132772,0.0002808,0.0153872,0.0352461,0.0116252
0.7,0.0193209,0.0064086,0.1404248,0.0002966,0.0151768,0.0365749,0.0116348
0.9,0.0158446,0.0063495,0.1327637,0.000403,0.0124539,0.0322331,0.0085009
1.1,0.0118261,0.0067936,0.1324955,0.0002674,0.018151,0.0328887,0.012659400000000001
1.3,0.0119567,0.0064721,0.1317429,0.0003293,0.0126153,0.031779299999999996,0.0103712
1.5,0.0133403,0.0064038,0.1343506,0.0004557,0.0122208,0.0307044,0.0096541
